41,36,-16,46,70,16,26,-6,21,angry
99,72,6,44,57,41,35,23,30,angry
93,49,15,34,45,44,32,19,12,worried
49,87,-19,38,69,38,45,24,29,surprised
84,79,9,33,53,31,47,9,10,neutral
46,42,-2,59,78,41,33,-6,17,other
97,37,5,57,76,47,16,20,24,angry
71,41,-15,44,60,40,18,14,12,neutral
70,38,2,40,70,10,24,28,15,sad
40,41,18,57,53,8,34,-6,17,angry
51,33,-3,59,74,31,28,-10,29,worried
61,48,-9,53,60,27,17,-2,9,angry
66,41,-5,12,60,33,48,-17,14,surprised
75,33,9,41,79,8,37,16,18,sad
64,78,-4,26,66,44,49,5,17,surprised
54,67,6,46,42,36,27,-3,26,angry
94,53,18,11,78,46,12,24,29,sad
67,76,-16,46,52,48,29,-24,15,angry
64,43,12,40,59,0,42,-20,16,angry
90,31,-19,12,67,11,21,-9,13,angry
48,30,-18,32,74,15,38,-11,13,surprised
68,75,13,23,76,23,38,30,6,sad
56,38,11,52,53,15,36,-6,8,sad
98,72,7,45,40,1,25,4,11,other
50,76,14,23,52,6,22,0,21,neutral
68,71,-11,47,68,28,18,-18,16,angry
50,72,7,29,77,31,17,12,13,neutral
69,57,-9,23,62,12,11,-5,25,angry
93,48,1,38,72,32,34,16,13,angry
50,47,-14,22,69,11,43,25,13,angry
80,43,-5,36,67,4,36,24,23,neutral
42,77,5,21,57,7,43,-15,17,neutral
51,54,-1,50,47,16,12,-6,25,neutral
65,30,5,25,48,3,33,21,6,worried
90,59,-16,22,48,29,48,18,14,other
49,45,3,53,61,17,25,28,25,sad
57,54,15,42,61,24,31,-3,27,other
59,48,-19,39,80,44,41,19,20,happy
83,54,-19,26,73,31,13,-25,16,other
91,42,-12,60,43,6,38,-7,11,surprised
67,37,-15,19,59,38,47,-7,21,happy
81,47,18,29,78,8,17,14,20,sad
58,66,19,34,49,19,37,2,14,other
84,53,11,45,50,18,46,6,25,worried
76,62,-3,29,56,32,42,-22,9,neutral
92,89,-7,38,69,20,15,-12,13,neutral
48,70,11,22,60,0,26,-20,8,other
60,65,-17,24,74,25,43,22,7,happy
89,64,15,19,62,47,22,11,17,sad
79,66,13,13,46,43,47,3,5,worried
61,33,14,50,42,31,34,17,11,sad
99,85,6,17,48,33,44,15,10,neutral
53,32,-7,38,43,33,30,19,23,surprised
46,82,-7,45,54,46,18,-10,19,happy
92,74,-6,45,64,4,14,-7,14,other
94,63,-6,50,51,32,49,9,13,surprised
92,85,8,53,73,30,44,15,12,surprised
86,54,8,54,76,24,45,-11,14,neutral
92,70,-12,38,76,2,41,-13,30,neutral
46,70,16,48,57,29,35,29,19,neutral
52,73,13,23,72,32,18,6,23,other
54,55,-19,33,51,32,29,-7,10,happy
73,31,-7,59,56,29,10,-12,22,other
99,90,-1,50,73,5,48,5,11,neutral
89,63,-19,45,50,32,12,20,8,happy
74,60,0,43,80,13,26,-17,16,worried
93,88,17,23,53,33,13,-23,19,angry
93,70,-2,34,45,42,17,-29,26,angry
82,86,-8,49,53,31,16,20,19,surprised
60,63,-20,52,57,29,19,-19,8,happy
47,88,16,14,74,25,35,-22,27,neutral
48,77,13,42,59,9,21,9,16,neutral
83,49,13,18,52,48,42,19,18,sad
76,82,-17,29,45,3,14,5,19,happy
94,87,-15,19,55,21,32,-24,16,neutral
57,72,18,56,49,5,29,-23,20,angry
45,72,0,46,47,11,30,16,19,neutral
64,40,-11,13,68,43,20,27,20,neutral
43,64,2,31,61,28,41,-17,15,neutral
57,57,-1,40,75,18,43,-27,10,neutral
46,41,15,58,74,34,40,0,29,worried
93,62,18,19,56,44,21,-4,22,angry
76,68,16,42,64,26,33,-13,27,angry
68,31,13,26,67,38,20,0,9,neutral
98,64,15,12,42,23,18,6,18,neutral
63,77,-11,46,57,43,41,14,6,surprised
64,63,9,55,72,40,13,-7,30,angry
51,59,-1,25,40,37,39,-11,8,happy
91,85,-17,35,51,10,44,-23,19,other
73,63,6,10,74,37,35,-28,9,other
52,41,-18,39,41,19,28,-28,17,other
48,64,0,33,44,0,40,4,15,neutral
73,75,4,47,46,6,31,-19,27,angry
64,61,-2,25,55,47,15,-22,5,neutral
71,36,7,44,46,38,32,5,28,sad
43,77,4,43,43,8,12,-29,7,angry
96,74,-18,16,58,48,35,-8,12,happy
72,44,7,33,47,12,39,-27,24,angry
42,41,-13,45,64,14,41,-23,29,angry
94,79,-16,50,51,26,45,4,30,surprised
71,62,0,21,46,10,30,-22,28,angry
73,84,18,20,70,0,41,29,9,sad
42,34,-17,20,80,3,14,28,26,happy
63,40,-17,30,49,40,39,28,16,surprised
83,40,11,38,56,34,25,28,25,sad
80,56,15,56,69,4,43,21,11,sad
53,53,-15,24,55,34,42,29,20,surprised
80,47,-13,33,49,8,45,-20,19,surprised
60,84,-7,49,61,47,35,0,21,surprised
42,73,9,24,71,25,27,-11,20,angry
56,84,7,39,79,10,17,23,15,worried
65,42,-14,26,49,18,23,-19,12,other
44,78,13,59,65,17,40,-18,10,other
56,88,-4,51,56,47,40,28,12,surprised
42,57,-7,40,64,2,13,-18,16,angry
89,82,19,46,57,12,14,5,18,sad
84,56,11,54,43,20,40,-3,30,surprised
61,56,-16,14,51,32,41,14,6,happy
63,53,1,52,51,10,49,21,16,worried
59,55,14,15,71,41,35,-19,20,angry
92,33,2,15,72,1,26,-2,21,angry
79,51,18,25,48,8,11,28,7,worried
73,56,-11,42,44,15,27,14,24,surprised
53,44,-10,23,51,5,23,15,9,happy
67,84,-15,33,67,34,18,21,29,surprised
66,69,-10,24,42,33,26,-27,13,angry
80,76,7,17,62,30,38,19,20,sad
93,46,-3,18,52,27,11,-11,27,angry
93,37,14,16,74,16,24,18,6,worried
49,85,1,31,71,34,11,27,16,other
42,76,4,32,66,39,37,15,8,surprised
73,46,18,36,65,34,36,-13,21,angry
67,88,-9,60,59,4,42,4,25,happy
48,30,-2,42,63,14,37,-30,14,angry
74,82,2,27,77,16,10,-4,15,angry
41,72,-11,43,76,32,25,0,23,surprised
89,48,-14,57,46,38,34,18,9,happy
66,35,12,26,57,23,28,4,10,neutral
51,89,10,57,49,21,19,-25,8,angry
57,77,-17,54,69,21,26,19,14,surprised
62,89,2,42,41,8,42,-11,26,angry
57,45,-7,58,40,32,24,7,27,happy
72,87,15,21,42,32,47,14,24,sad
70,73,0,16,64,23,24,-26,29,angry
67,72,18,41,58,44,36,-6,28,surprised
86,44,16,16,58,44,21,26,24,sad
88,44,-3,33,59,41,19,-17,13,angry
49,81,-8,12,79,18,32,-7,6,happy
89,58,-3,52,49,6,26,-7,20,angry
79,62,13,56,49,33,12,16,17,sad
71,63,-3,59,44,21,42,17,29,surprised
47,43,4,34,41,33,47,16,14,surprised
57,56,1,38,49,48,15,-13,27,angry
41,80,-5,45,78,21,16,5,12,happy
92,56,3,14,74,26,45,26,25,surprised
76,83,7,34,66,23,34,-28,12,angry
87,58,-14,47,59,12,36,26,8,happy
91,81,8,24,57,49,16,-18,16,angry
84,82,-6,16,76,18,45,6,22,neutral
93,77,14,56,64,6,48,29,26,sad
77,54,-8,13,54,37,49,-6,27,happy
78,33,-16,38,42,6,30,25,28,happy
77,56,1,18,49,38,48,20,6,neutral
73,53,12,11,40,6,19,-28,15,angry
55,47,4,46,50,12,34,-2,30,angry
96,65,-8,27,77,29,29,0,22,happy
58,88,-12,54,47,38,34,-6,16,surprised
94,59,-7,27,41,13,39,-22,23,angry
87,85,-18,50,62,12,34,14,29,happy
99,51,-10,53,74,26,18,-19,10,other
52,59,7,58,43,37,37,6,26,worried
94,79,-5,14,53,25,28,-9,6,neutral
66,33,1,34,61,45,25,29,8,surprised
55,64,-6,58,62,17,27,26,17,happy
46,78,-11,11,58,43,30,-23,11,neutral
75,51,6,20,53,8,21,-18,10,angry
96,81,6,33,67,30,34,29,19,surprised
54,88,-15,59,48,34,28,28,18,happy
65,45,-2,46,68,48,27,-29,16,angry
82,72,3,16,68,42,33,-28,29,angry
49,78,14,40,44,34,35,3,16,worried
70,42,-17,49,55,15,13,-12,20,other
86,33,5,16,60,47,19,19,6,worried
77,57,-15,56,42,12,46,-18,9,angry
89,78,-1,40,77,12,14,22,12,sad
69,43,-5,42,52,26,11,22,18,happy
93,51,4,33,75,12,23,29,5,neutral
98,40,12,14,63,30,16,-20,18,angry
47,87,18,18,66,34,34,-28,16,angry
52,78,8,12,59,43,30,-25,14,angry
53,46,4,44,42,13,43,-9,15,angry
51,31,18,55,58,36,20,-3,25,angry
65,36,3,40,75,37,44,-1,5,other
76,47,-1,24,48,14,37,-13,18,angry
95,71,17,24,49,32,28,26,5,sad
83,37,-6,53,50,48,43,-4,12,surprised
56,31,2,39,60,16,47,3,14,neutral
86,60,-5,42,72,41,31,9,14,surprised
94,90,5,53,60,34,25,-7,13,surprised
87,45,9,31,40,6,29,15,29,worried
76,89,10,10,45,46,28,16,8,sad
59,56,10,43,73,10,27,25,11,sad
62,67,10,29,79,20,17,6,20,worried
85,41,-20,17,62,0,38,0,7,happy
73,43,18,28,67,26,26,-10,24,angry
85,89,16,47,60,24,12,-6,28,angry
47,31,-6,21,53,18,15,5,27,other
52,39,-15,35,68,26,32,-6,28,happy
65,78,4,16,70,16,17,0,24,neutral
56,66,19,53,51,35,34,14,5,surprised
93,65,3,54,73,7,26,-2,24,neutral
69,75,18,15,75,24,13,-9,8,angry
99,68,14,35,65,3,35,-21,13,neutral
94,58,-12,11,56,49,19,28,15,happy
92,41,-19,13,53,14,19,-17,16,angry
94,36,15,12,68,37,12,-7,7,neutral
96,71,6,11,69,38,26,-19,18,neutral
40,68,5,27,41,8,16,21,23,worried
77,82,-19,59,52,7,24,-14,24,happy
54,75,-4,50,43,3,23,-7,11,neutral
90,62,-3,55,56,4,30,10,22,other
74,63,0,56,58,9,41,-18,8,neutral
41,80,-18,16,41,5,47,4,11,happy
67,43,-1,59,68,5,10,27,24,neutral
58,86,10,45,71,16,40,-14,7,neutral
69,57,11,60,65,45,11,17,21,other
62,86,19,11,70,1,24,6,17,worried
56,66,-2,15,56,43,25,2,16,neutral
60,75,14,45,70,33,46,3,18,surprised
61,31,12,47,45,25,33,10,20,worried
97,56,-1,35,60,18,40,16,19,neutral
75,40,12,53,59,40,31,-20,15,angry
97,57,9,17,43,15,10,21,28,worried
93,67,10,13,68,48,35,-6,26,neutral
74,41,-6,18,70,17,20,3,5,neutral
43,74,-3,35,72,49,26,6,14,neutral
81,78,-5,20,44,5,49,1,15,other
85,45,-16,29,67,40,31,15,16,happy
92,40,-18,43,68,44,43,28,28,happy
44,38,4,54,71,27,35,-23,29,angry
52,59,-10,32,75,30,33,1,29,happy
55,81,16,14,69,15,23,18,22,worried
75,79,-2,13,70,10,49,12,9,neutral
68,75,1,55,51,36,31,-20,25,neutral
87,83,-3,21,72,1,32,25,11,worried
45,88,-6,48,56,23,24,-14,9,neutral
43,57,19,19,62,21,24,22,17,sad
55,58,13,11,47,46,36,-28,8,angry
57,78,1,60,49,33,23,6,16,sad
89,50,-20,26,71,22,28,-8,27,surprised
64,87,-9,55,75,12,36,19,11,happy
88,38,0,23,77,46,43,16,17,surprised
96,64,6,20,58,10,25,-19,23,angry
43,39,-7,45,71,17,14,-13,8,angry
42,54,2,10,68,37,23,-29,11,surprised
56,87,-3,53,79,6,37,-21,30,angry
68,34,9,14,66,27,48,3,26,surprised
91,37,-20,12,54,8,29,26,25,sad
43,32,0,15,64,36,19,6,11,worried
50,89,-13,48,63,25,30,24,24,worried
82,59,-17,45,74,19,24,21,13,happy
63,84,0,37,50,1,16,4,25,neutral
61,76,-7,46,45,32,37,-9,7,angry
84,60,-19,17,43,0,26,29,6,neutral
80,60,-7,56,51,29,17,-4,21,neutral
83,67,-2,20,44,38,15,17,7,worried
84,47,7,16,71,3,35,17,12,angry
77,36,-9,37,40,20,15,-26,14,other
58,90,18,38,52,25,28,-20,24,angry
64,75,-9,59,68,19,36,-6,27,sad
49,89,-13,57,73,43,30,11,17,neutral
62,54,3,27,55,12,48,-21,15,other
55,78,5,48,48,13,41,0,15,surprised
68,70,-1,56,52,5,32,-9,6,angry
99,66,10,58,46,40,18,2,20,worried
75,88,8,58,54,15,23,-5,26,angry
49,61,-10,51,48,48,21,1,6,neutral
67,40,-3,19,80,41,20,-20,12,neutral
71,63,-12,30,78,14,15,-24,10,neutral
95,83,9,35,51,16,12,-1,13,sad
41,65,3,19,62,49,19,23,12,neutral
100,42,-9,35,56,38,34,28,8,surprised
77,31,-15,59,63,0,14,0,28,happy
43,63,11,20,44,45,15,-7,17,angry
59,68,-15,14,44,9,40,27,6,happy
78,58,16,58,78,46,18,2,25,angry
74,73,5,26,45,18,40,8,30,sad
55,86,5,49,78,5,34,27,8,surprised
96,41,15,47,42,9,26,22,17,sad
56,78,-18,59,54,38,17,-29,8,happy
60,46,-2,27,69,38,38,-11,12,surprised
99,89,14,53,75,42,22,15,20,sad
88,88,5,30,67,5,35,18,16,worried
69,44,-5,18,62,48,16,-9,8,angry
68,90,-4,48,65,30,20,19,9,neutral
56,35,-5,56,55,28,47,-1,29,surprised
67,72,10,20,77,37,18,9,20,angry
81,46,4,55,76,42,11,-6,14,angry
50,41,15,36,49,44,26,16,16,worried
63,63,6,19,45,23,28,-11,15,neutral
84,36,16,21,50,48,26,-12,13,neutral
75,87,-8,48,50,6,25,-19,12,happy
58,72,8,36,67,13,35,0,9,surprised
51,74,13,18,73,44,41,5,18,worried
91,65,7,35,53,1,41,-13,18,neutral
46,74,14,14,67,49,27,25,25,angry
96,89,-6,32,62,42,20,26,29,sad
61,83,-4,12,67,37,28,27,22,neutral
77,55,18,32,56,21,49,-27,24,happy
59,78,-11,45,74,16,32,-25,28,angry
48,89,-2,46,48,23,38,13,16,neutral
50,90,-7,23,50,48,25,24,28,worried
82,75,-13,36,74,4,42,20,20,surprised
48,83,-13,35,47,8,33,-5,19,happy
55,81,-3,47,69,48,25,1,21,worried
79,61,19,20,46,43,25,-24,11,happy
91,88,19,40,42,49,22,23,27,sad
56,46,-7,41,70,30,33,2,24,neutral
72,81,-9,53,63,11,40,7,17,surprised
98,38,12,56,75,37,14,-18,7,neutral
84,56,-8,11,58,39,29,7,24,sad
44,82,-12,38,74,34,16,-12,19,angry
87,36,0,42,44,37,39,24,28,angry
79,48,-18,30,62,48,41,9,14,surprised
56,52,-4,16,44,1,46,11,30,worried
55,81,-11,59,51,4,36,-5,12,sad
60,67,19,57,76,20,11,4,27,neutral
54,34,-19,48,76,41,39,16,10,worried
47,76,18,41,53,4,32,-9,10,happy
83,50,-10,27,45,2,49,27,29,worried
68,80,10,46,41,9,39,17,15,sad
74,80,0,18,80,23,17,19,5,neutral
49,74,-19,55,49,0,48,-6,17,angry
69,62,-8,58,64,30,34,7,10,happy
48,80,-10,59,67,3,22,-10,11,neutral
79,39,19,18,47,10,25,-2,29,other
90,72,6,51,45,5,31,-21,13,angry
54,73,-20,52,55,2,42,-8,18,neutral
52,39,-5,58,48,33,11,-28,16,angry
57,32,-4,21,41,4,42,7,10,happy
69,68,0,44,52,34,45,-30,19,surprised
88,51,13,17,43,46,20,2,15,neutral
63,77,8,44,61,6,26,5,17,sad
66,57,13,20,48,0,27,15,25,sad
77,60,11,23,44,3,47,9,18,sad
91,78,-1,22,68,36,17,-21,22,angry
70,85,-16,35,79,19,32,19,20,happy
95,44,20,54,63,27,29,15,28,sad
73,70,14,59,45,31,32,-20,28,angry
71,50,1,14,79,10,33,18,16,neutral
98,78,-9,42,79,16,30,-7,26,happy
48,41,-2,32,43,4,48,-14,20,other
84,81,3,47,42,20,13,30,23,other
79,37,13,36,65,4,27,-19,19,other
88,49,-8,59,47,10,40,-20,28,happy
61,63,-7,57,43,25,25,4,15,other
55,57,19,53,70,14,13,-23,24,other
63,60,-16,21,78,40,48,0,20,other
40,33,11,47,60,7,34,6,28,other
81,32,-3,53,69,27,21,18,24,sad
64,70,14,55,47,24,36,-4,12,other
79,89,16,23,64,12,12,-13,13,other
62,64,16,37,74,32,36,8,11,other
84,75,13,35,74,39,23,4,26,other
82,52,-13,34,45,42,21,25,9,neutral
92,76,-9,14,59,46,47,21,13,worried
46,76,-7,50,59,22,38,-19,7,other
48,87,5,58,72,18,25,-17,10,angry
61,53,19,53,57,47,45,-11,24,other
99,65,-13,57,57,16,28,23,11,worried
93,67,-3,56,77,47,14,1,22,other
69,57,-15,60,75,48,49,9,21,other
40,52,20,16,75,12,16,-17,14,other
57,86,-7,15,46,9,20,26,14,other
97,70,12,19,73,27,11,28,17,other
56,55,-2,54,61,6,22,-6,29,worried
51,39,17,52,61,21,40,-20,16,other
82,90,6,55,77,19,11,3,28,other
51,39,14,21,78,20,10,-5,17,other
52,39,-3,26,79,17,17,-1,15,other
59,50,2,31,51,37,33,-23,17,sad
77,39,0,15,73,18,42,-14,6,other
50,62,-8,25,76,28,19,23,17,other
61,61,16,49,62,3,23,-14,6,surprised
45,89,-17,26,53,12,41,11,12,other
71,47,9,58,78,42,39,-26,22,angry
62,55,-2,29,48,41,21,16,29,worried
95,42,3,32,42,0,16,14,25,other
91,53,0,25,52,21,26,-27,25,other
77,53,-15,14,75,0,46,-5,27,angry
47,65,-15,17,76,2,13,4,23,other
87,69,-5,35,69,30,44,-13,23,other
55,64,-3,23,43,40,26,-20,9,other
90,51,1,27,59,35,13,24,9,worried
95,55,2,27,75,15,39,15,23,other
51,61,-4,46,63,34,40,-4,30,other
96,44,-10,25,77,19,20,-6,26,angry
45,32,-20,17,75,2,43,21,6,other
84,32,-1,49,52,15,21,2,13,other
43,67,-10,12,63,33,47,25,20,other
46,61,-11,42,70,15,48,27,7,other
97,48,14,10,53,24,39,29,6,other
43,51,-4,18,47,31,39,6,20,other
54,62,19,58,59,40,24,-11,15,other
63,50,-17,13,57,28,49,-16,29,other
94,72,-17,13,42,32,27,13,13,neutral
68,72,-8,51,63,12,30,-21,13,other
99,76,-7,27,44,42,39,9,28,other
41,39,-12,20,45,10,38,13,21,other
43,64,-8,29,67,39,27,-23,9,other
72,41,5,11,69,25,26,-11,12,other
73,46,-19,41,47,38,47,-22,15,surprised
75,85,9,22,62,4,45,16,29,sad
64,88,0,44,79,24,40,-15,29,surprised
71,55,-19,12,67,16,41,3,29,neutral
45,43,13,23,69,13,50,29,8,surprised
70,36,-10,13,75,5,38,-17,10,angry
51,61,-13,36,65,43,31,5,29,surprised
71,64,-7,27,64,17,13,-21,17,other
93,49,-15,40,45,27,15,-18,15,surprised
87,41,-3,45,63,36,14,16,9,worried
67,45,20,30,45,5,19,-26,9,happy
66,66,-8,30,77,25,11,-12,16,other
57,70,-17,59,78,30,47,-26,23,happy
79,60,-15,54,67,42,17,-15,8,angry
50,82,18,31,53,20,29,-19,7,angry
96,41,-14,33,58,35,35,-10,16,neutral
62,40,9,13,55,13,36,-16,22,angry
49,48,-12,51,63,13,38,10,27,neutral
47,38,8,19,57,24,48,29,21,worried
48,73,9,59,65,6,36,-22,12,angry
85,69,13,59,73,4,26,1,18,angry
73,50,3,11,76,45,45,29,17,worried
61,52,15,28,63,21,46,-11,24,sad
48,42,-1,26,40,31,18,3,27,neutral
82,46,-18,18,56,7,49,11,22,worried
41,63,14,12,77,36,43,28,15,sad
45,35,7,14,72,16,41,28,23,sad
49,55,15,11,71,32,44,19,26,sad
75,74,16,45,58,32,19,-16,12,worried
62,88,-17,11,67,30,10,15,26,sad
45,85,4,39,46,43,39,18,18,sad
41,73,-15,21,52,43,11,-19,21,neutral
75,74,-16,22,75,37,46,14,13,happy
92,40,-3,26,43,13,30,16,24,worried
97,80,9,35,42,45,11,-1,25,neutral
78,45,-19,45,52,31,42,2,12,worried
81,53,1,55,43,38,34,29,18,surprised
69,68,-13,19,43,24,22,13,19,worried
88,41,8,42,61,20,38,29,7,other
55,85,19,51,70,35,47,24,9,happy
59,81,-18,17,72,33,22,16,17,worried
40,42,15,33,42,33,10,15,21,sad
93,46,10,31,41,26,48,-9,23,surprised
63,74,5,55,69,23,26,13,20,worried
48,50,-18,51,72,28,22,-30,6,neutral
82,44,14,46,53,45,25,-20,15,surprised
52,55,4,55,63,28,12,-22,21,angry
75,63,10,15,56,4,13,-23,26,angry
73,39,-6,49,64,7,47,18,9,happy
59,31,-4,23,56,21,42,12,14,sad
66,37,-2,14,65,26,37,6,17,neutral
77,56,7,13,43,44,18,-20,8,neutral
94,61,17,44,48,35,48,6,26,angry
81,53,-11,33,63,15,28,3,27,neutral
88,39,0,48,79,9,47,-13,17,sad
89,63,-7,22,67,27,45,18,13,other
69,59,-10,54,44,9,20,-8,23,neutral
56,82,-4,25,75,8,28,-2,9,neutral
78,79,-9,16,75,14,42,-6,18,angry
65,48,-6,17,59,2,36,15,29,happy
64,57,17,34,74,42,19,25,8,worried
81,38,5,60,60,16,22,23,25,sad
100,38,-1,44,57,4,41,20,30,neutral
64,37,4,42,53,49,25,-27,28,angry
68,35,5,39,69,6,42,15,16,neutral
57,54,-13,24,79,1,11,4,20,surprised
56,48,19,57,48,43,50,-9,8,surprised
52,56,-6,41,54,18,31,-4,26,neutral
91,73,-3,22,80,28,30,29,21,worried
78,68,-5,22,71,37,31,19,13,neutral
46,38,-18,57,69,47,14,1,25,neutral
85,72,-20,39,66,39,12,-15,9,neutral
72,80,1,45,60,50,34,6,19,neutral
64,43,-5,20,60,19,26,28,15,other
51,73,11,29,40,24,46,-7,24,angry
59,34,-12,29,40,45,19,25,20,surprised
53,48,-2,19,50,4,27,28,17,sad
60,37,-18,24,50,7,38,24,16,happy
51,71,6,48,63,8,16,1,6,other
78,64,-11,48,74,50,22,12,21,neutral
70,40,7,54,47,15,31,28,21,other
60,54,-19,17,63,37,13,17,14,worried
98,84,-4,28,64,7,42,7,22,other
67,62,4,20,75,25,28,-29,12,angry
95,80,-13,37,57,25,26,12,10,neutral
70,75,-19,17,74,29,49,-11,30,other
87,37,12,57,77,9,22,2,16,sad
99,33,9,33,57,47,14,20,12,worried
63,78,-7,28,42,15,14,-7,8,other
75,80,6,33,53,43,48,3,25,surprised
66,34,18,41,71,47,41,-26,16,neutral
49,77,4,16,63,12,21,-15,11,neutral
60,59,-20,12,58,32,35,20,22,surprised
69,64,-8,19,57,46,33,17,24,sad
60,62,-11,19,74,47,45,19,25,happy
82,38,-5,54,75,45,25,-13,17,neutral
63,57,7,44,44,12,16,-3,12,neutral
44,80,-10,31,65,12,35,-14,30,happy
48,39,-8,36,72,35,39,-7,20,neutral
92,78,-11,23,55,27,28,7,13,angry
72,89,19,35,45,34,24,9,5,sad
47,54,10,48,44,38,39,-17,9,surprised
89,62,-2,40,49,7,50,30,11,worried
67,63,13,58,68,3,26,-29,28,angry
73,35,1,12,65,34,39,26,7,worried
41,54,1,56,68,21,33,-5,8,neutral
89,80,-6,14,59,2,24,9,21,worried
42,54,8,26,49,30,35,1,8,neutral
42,52,-20,47,53,6,32,5,28,worried
49,51,4,33,49,4,38,-2,18,neutral
81,40,17,29,69,41,32,-24,28,angry
40,45,12,26,78,38,48,-22,25,surprised
95,36,6,30,53,39,40,26,23,surprised
60,31,18,10,41,42,16,-10,26,angry
40,52,-16,39,65,43,12,13,23,sad
42,67,2,51,59,39,41,10,19,neutral
43,83,10,39,49,42,38,-19,22,other
60,44,-14,31,58,7,30,27,14,happy
78,86,-7,27,72,29,18,15,8,neutral
96,38,14,25,73,5,48,-19,9,surprised
84,68,-6,34,56,48,49,11,20,surprised
91,88,9,14,45,11,32,-1,24,other
58,60,-8,26,44,31,26,26,30,happy
45,51,13,42,69,46,21,-9,14,angry
56,84,-11,37,44,28,25,26,18,worried
44,76,0,42,56,35,18,-7,16,surprised
74,31,18,57,54,33,48,24,9,neutral
82,33,-16,16,70,17,48,-17,14,other
58,43,-18,51,51,18,47,22,11,happy
87,77,-8,40,75,12,31,30,25,worried
43,78,2,53,61,50,35,-29,14,angry
74,76,9,29,65,27,30,-15,10,angry
88,65,-12,55,55,11,24,16,25,happy
67,53,-1,42,54,39,49,29,24,neutral
94,71,-18,52,59,26,49,9,8,happy
46,61,-11,46,78,19,43,14,20,surprised
87,47,5,36,53,21,27,-20,22,angry
59,61,7,33,62,1,16,10,29,sad
92,34,2,12,76,48,30,-8,28,surprised
65,35,16,13,80,38,40,-3,7,other
54,51,2,39,76,28,27,10,18,neutral
90,80,-15,46,73,35,43,12,22,worried
82,73,8,34,52,17,14,-8,13,angry
54,38,-3,46,79,6,30,0,11,surprised
71,70,16,34,42,49,16,20,6,worried
83,73,-4,19,76,27,38,-15,8,surprised
53,50,10,51,57,43,26,3,11,surprised
89,86,2,49,68,16,46,20,15,surprised
71,81,14,35,76,5,23,0,13,neutral
45,76,11,23,70,38,33,-15,20,neutral
48,30,9,54,74,30,24,-27,19,angry
81,77,12,24,53,28,49,5,21,surprised
45,67,2,13,45,12,49,28,24,sad
54,34,2,34,50,33,24,6,8,happy
90,46,12,28,74,45,48,-16,24,neutral
70,68,-14,52,65,5,21,8,7,neutral
85,57,12,16,46,10,45,-14,8,angry
49,79,-4,18,60,12,13,-19,12,happy
66,35,-16,43,64,33,12,-25,16,angry
80,73,-14,57,43,5,41,-6,20,happy
99,42,7,10,77,38,14,16,23,sad
64,57,-16,45,59,1,12,-22,27,happy
82,47,-5,16,50,17,24,8,21,happy
79,70,-9,56,49,11,36,16,19,neutral
85,69,-18,50,44,30,47,-8,5,happy
54,82,2,16,76,3,24,-19,24,angry
62,74,18,29,79,43,43,12,16,other
88,81,-4,49,69,7,12,-15,24,angry
96,63,-4,11,62,49,24,-14,12,other
77,69,-18,15,67,24,37,-29,22,happy
59,50,-13,55,48,39,13,17,17,worried
91,87,-20,20,79,14,40,24,23,worried
72,75,-9,41,41,21,37,20,18,happy
52,47,-18,25,42,46,27,-5,18,happy
93,59,0,60,47,36,33,-4,26,other
95,56,-10,48,62,48,47,6,29,neutral
77,87,-13,43,57,47,23,-27,23,happy
47,64,-3,17,67,13,45,21,11,neutral
51,68,-1,11,41,49,43,-21,13,other
50,77,-8,40,42,5,12,-11,7,happy
66,61,-14,59,46,14,32,-28,18,angry
83,43,13,39,56,37,39,-15,10,neutral
59,45,-16,37,40,41,49,11,30,happy
91,76,19,46,46,40,40,19,7,surprised
55,42,13,22,76,6,14,10,29,sad
68,47,6,53,58,15,40,10,29,sad
80,31,16,23,75,5,41,-25,29,angry
65,71,-3,20,57,5,19,22,21,worried
75,81,4,21,73,4,34,25,8,sad
62,64,-8,57,43,28,39,5,11,surprised
72,50,2,46,51,18,28,28,23,sad
85,88,15,50,77,6,19,-15,7,neutral
87,63,10,31,54,8,41,24,13,neutral
41,79,-6,23,50,13,27,-9,7,happy
52,56,5,16,59,49,38,-5,27,neutral
80,64,-18,18,44,26,33,-16,25,happy
80,47,9,17,40,12,41,-19,19,angry
44,48,-17,57,73,39,47,-14,11,surprised
48,31,16,51,49,32,15,-13,28,angry
78,48,3,24,56,6,17,0,17,sad
68,42,14,16,47,39,11,-19,6,sad
93,56,5,46,62,49,10,-22,19,angry
92,41,-2,46,64,1,13,-18,24,sad
48,75,-3,29,45,42,42,5,11,surprised
54,46,16,38,61,31,34,-30,27,happy
52,51,-14,43,40,40,49,-17,15,happy
65,75,8,53,53,16,16,0,17,neutral
84,48,12,23,65,25,21,30,20,angry
81,76,2,14,56,24,48,-9,16,sad
56,52,20,59,42,40,33,-2,17,other
58,48,-4,17,49,10,32,-28,9,neutral
76,42,-16,47,42,25,27,-24,6,worried
44,60,12,48,71,1,23,25,9,neutral
99,77,-13,42,50,13,29,22,21,sad
85,70,-1,35,53,38,40,17,12,neutral
99,81,-19,46,43,16,26,-6,10,other
58,60,-18,34,70,43,10,29,10,neutral
46,83,-7,34,49,31,30,-27,5,neutral
52,53,0,43,62,6,16,-4,23,worried
80,53,18,34,52,16,15,29,5,sad
87,76,17,33,51,12,20,15,10,sad
48,47,4,56,71,44,26,11,8,surprised
50,39,-18,29,72,44,48,20,8,happy
68,38,14,37,50,10,35,17,7,sad
83,83,13,42,50,47,32,-2,18,angry
79,66,18,35,48,7,42,13,25,worried
73,54,8,16,62,37,43,30,18,sad
62,36,3,54,76,9,15,-30,15,angry
49,57,-13,51,73,42,40,18,6,happy
93,34,4,19,55,32,18,19,15,sad
59,37,8,23,72,26,26,-13,5,angry
49,34,4,10,60,22,23,-3,24,neutral
74,42,12,26,42,13,16,-7,27,angry
84,55,-10,49,50,18,14,17,9,happy
44,72,-15,51,60,39,19,-7,21,neutral
47,64,-10,42,68,14,19,20,13,neutral
68,84,-15,30,65,2,34,-25,23,happy
85,49,16,16,42,30,47,-9,9,worried
99,86,17,22,48,28,27,8,24,worried
99,47,11,56,52,39,30,22,5,worried
91,65,18,58,72,46,10,-6,8,angry
69,59,16,39,52,19,11,-29,7,angry